﻿OBJECTID,LATITUDE,LONGITUDE,FACID,FACILITY_TYPE,ALPHA_NAME,LIC,LICENSED_NAME,ADDRESS,FAC_ADDR_2,FAC_CITY,CSZ,FAC_ST,ZIP,COUNTY,TELEPHONE,FAXPHONE,FACEMAIL,LIC_EXPIRES,LICENSED_OWNER,OWNADDR,ADMIN,OWNCSZ,OWNDESC,TITLE,RUNDATE,BED_TOTAL
1,39.47907806,-74.54036963,NJ10101,GENERAL ACUTE CARE HOSPITAL,ATLANTICARE REGIONAL MEDICAL CENTER - MAINLAND CAM,10101,ATLANTICARE REGIONAL MEDICAL CENTER - MAINLAND CAMPUS,65 JIMMIE LEEDS ROAD, ,POMONA,"POMONA, NJ  08240",NJ,8240,ATLANTIC,(609) 652-3420,(609) 652-3514,larisa.goganer@atlanticare.org,1.60937E+12,"ATLANTICARE REGIONAL HEALTH SERVICES, INC.",JIMMIE LEEDS ROAD,Ms. MARGARET BELFIELD,"POMONA, NJ  08240",Non-Profit - Hospital,C.O.O.,1.58452E+12,349
2,40.40544696,-74.19171603,NJ11301,GENERAL ACUTE CARE HOSPITAL,BAYSHORE MEDICAL CENTER,11301,BAYSHORE MEDICAL CENTER,727 N BEERS ST, ,HOLMDEL,"HOLMDEL, NJ  07733",NJ,7733,MONMOUTH,(732) 739-5900,(732) 739-5887,frank.citara@hackensackmeridian.org,1.60669E+12,HMH HOSPITALS CORPORATION,343 THORNALL STREET 8TH FL,Mr. FRANK CITARA,"EDISON, NJ  08837",Non-Profit - Hospital,,1.58452E+12,211
3,40.66807496,-74.11264403,NJ10901,GENERAL ACUTE CARE HOSPITAL,CAREPOINT HEALTH - BAYONNE MEDICAL CENTER,10901,CAREPOINT HEALTH - BAYONNE MEDICAL CENTER,29 EAST 29TH ST, ,BAYONNE,"BAYONNE, NJ  07002",NJ,7002,HUDSON,(201) 858-5000,(201) 858-7355,vijayant.singh@carepointhealth.org,1.59348E+12,"IJKG OPCO, L.L.C.",29 EAST 29TH STREET,Dr. VIJAYANT SINGH,"BAYONNE, NJ  07002",Profit - Hospital,M.D.,1.58452E+12,244
4,40.9563713,-74.06251848,NJ310058,GENERAL ACUTE CARE HOSPITAL,BERGEN NEW BRIDGE MEDICAL CENTER,10201,BERGEN NEW BRIDGE MEDICAL CENTER,230 EAST RIDGEWOOD AVE, ,PARAMUS,"PARAMUS, NJ  07652",NJ,7652,BERGEN,(201) 967-4000,(201) 225-6748,dvisconi@newbridgehealth.org,1.60142E+12,BERGEN COUNTY IMPROVEMENT AUTHORITY,327 E RIDGEWOOD AVENUE,Ms. DEBORAH VISCONI,"PARAMUS, NJ  07652",Govt - County,,1.58452E+12,496
5,39.0876219,-74.81683061,NJ10501,GENERAL ACUTE CARE HOSPITAL,CAPE REGIONAL MEDICAL CENTER INC,10501,"CAPE REGIONAL MEDICAL CENTER, INC",TWO STONE HARBOR BLVD, ,CAPE MAY COURT HOUSE,"CAPE MAY COURT HOUSE, NJ  08210",NJ,8210,CAPE MAY,(609) 463-2000,(609) 463-2288,jcarrocino@caperegional.com,1.59088E+12,"CAPE REGIONAL MEDICAL CENTER, INC.",TWO STONE HARBOR BOULEVARD,Ms. JOANNE CARROCINO,"CAPE MAY COURT HOUSE, NJ  08210",Non-Profit - Hospital,Pres & CEO,1.58452E+12,242
6,40.23614214,-74.75198366,NJ11102,GENERAL ACUTE CARE HOSPITAL,CAPITAL HEALTH SYSTEM-FULD CAMPUS,11102,CAPITAL HEALTH SYSTEM AT FULD,750 BRUNSWICK AVE, ,TRENTON,"TRENTON, NJ  08638",NJ,8638,MERCER,(609) 394-6000,(609) 394-6687,amaghazehe@chsnj.org,1.59088E+12,"CAPITAL HEALTH SYSTEM, INC.",750 BRUNSWICK AVENUE,Mr. AL MAGHAZEHE,"TRENTON, NJ  08638",Non-Profit - Hospital,CEO,1.58452E+12,237
7,40.29222625,-74.8054932,NJ11104,GENERAL ACUTE CARE HOSPITAL,CAPITAL HEALTH MEDICAL CENTER - HOPEWELL,11104,CAPITAL HEALTH MEDICAL CENTER - HOPEWELL,ONE CAPITAL WAY, ,PENNINGTON,"PENNINGTON, NJ  08534",NJ,8534,MERCER,(609) 303-4000,(609) 394-6687,amaghazehe@capitalhealth.org,1.59348E+12,"CAPITAL HEALTH SYSTEM, INC.",750 BRUNSWICK AVENUE,Mr. AL MAGHAZEHE,"TRENTON, NJ  08638",Non-Profit - Hospital,CEO,1.58452E+12,221
8,40.95869659,-74.31020881,NJ11401,GENERAL ACUTE CARE HOSPITAL,CHILTON MEDICAL CENTER,11401,CHILTON MEDICAL CENTER,97 WEST PARKWAY, ,POMPTON PLAINS,"POMPTON PLAINS, NJ  07444",NJ,7444,MORRIS,(973) 831-5000,(973) 831-5183,anna.pence@atlantichealth.org,1.60937E+12,AHS HOSPITAL CORP.,475 SOUTH STREET,Ms. STEPHANIE SCHWARTZ,"MORRISTOWN, NJ  07962",Non-Profit - Hospital,,1.58452E+12,260
9,40.73426624,-74.04983406,NJ10902,GENERAL ACUTE CARE HOSPITAL,CAREPOINT HEALTH-CHRIST HOSPITAL,10902,CAREPOINT HEALTH-CHRIST HOSPITAL,176 PALISADE AVE, ,JERSEY CITY,"JERSEY CITY, NJ  07306",NJ,7306,HUDSON,(201) 795-8200,(201) 795-8796,marie.duffy@carepointhealth.org,1.59088E+12,"HUDSON HOSPITAL OPCO, LLC",176 PALISADE AVENUE,Ms. MARIE DUFFY,"JERSEY CITY, NJ  07036",Profit - Hospital,,1.58452E+12,362
10,40.78563228,-74.17599806,NJ10701,GENERAL ACUTE CARE HOSPITAL,CLARA MAASS MEDICAL CENTER,10701,CLARA MAASS MEDICAL CENTER,ONE CLARA MAASS DRIVE, ,BELLEVILLE,"BELLEVILLE, NJ  07109",NJ,7109,ESSEX,(973) 450-2002,(973) 450-0181,shelly.schneider@rwjbh.org,1.61205E+12,CLARA MAASS MEDICAL CENTER,ONE CLARA MAASS DRIVE,Ms. MARY ELLEN CLYNE,"BELLEVILLE, NJ  07109",NonProfit - Corporation,,1.58452E+12,472
11,39.96402405,-74.21598804,NJ11501,GENERAL ACUTE CARE HOSPITAL,COMMUNITY MEDICAL CENTER,11501,COMMUNITY MEDICAL CENTER,99 RT 37 WEST, ,TOMS RIVER,"TOMS RIVER, NJ  08755",NJ,8755,OCEAN,(732) 557-8000,(732) 557-8087,cmcadmin@barnabashealth.org,1.58561E+12,COMMUNITY MEDICAL CENTER,99 ROUTE 37 WEST,Mr. PATRICK AHEARN,"TOMS RIVER, NJ  08755",NonProfit - Corporation,,1.58452E+12,592
12,39.94160659,-75.11643547,NJ10402,GENERAL ACUTE CARE HOSPITAL,COOPER UNIVERSITY HOSPITAL,10402,COOPER HOSPITAL UNIVERSITY MEDICAL CENTER,1 COOPER PLAZA, ,CAMDEN,"CAMDEN, NJ  08103",NJ,8103,CAMDEN,(856) 342-2000,(856) 342-3299,o'shea-donna@cooperhealth.edu,1.59088E+12,COOPER HEALTH SYSTEM,ONE COOPER PLAZA,Dr. ANTHONY MAZZARELLI,"CAMDEN, NJ  08103",Non-Profit - Hospital,,1.58452E+12,635
13,40.75448923,-74.21367112,NJ10704,GENERAL ACUTE CARE HOSPITAL,EAST ORANGE GENERAL HOSPITAL,10704,EAST ORANGE GENERAL HOSPITAL,300 CENTRAL AVE, ,EAST ORANGE,"EAST ORANGE, NJ  07018",NJ,7018,ESSEX,(973) 266-4401,(973) 266-8488,Paige.Dworak@eogh.org ,1.59883E+12,"PROSPECT EOGH, INC.",300 CENTRAL AVENUE,Ms. PAIGE DWORAK,"EAST ORANGE, NJ  07018",Profit - Corporation,,1.58452E+12,188
14,40.90446296,-73.96844103,NJ10202,GENERAL ACUTE CARE HOSPITAL,ENGLEWOOD HOSPITAL AND MEDICAL CENTER,10202,ENGLEWOOD HOSPITAL AND MEDICAL CENTER,350 ENGLE ST, ,ENGLEWOOD,"ENGLEWOOD, NJ  07631",NJ,7631,BERGEN,(201) 894-3000,(201) 894-1345,warren.geller@ehmchealth.org,1.59348E+12,ENGLEWOOD HOSPITAL AND MEDICAL CENTER,350 ENGLE STREET,. WARREN GELLER,"ENGLEWOOD, NJ  07631",Non-Profit - Hospital,,1.58452E+12,531
15,40.98549868,-74.01484494,NJ24745,GENERAL ACUTE CARE HOSPITAL,HACKENSACK MERIDIAN HEALTH PASCACK VALLEY MEDICAL,24745,HACKENSACK MERIDIAN HEALTH PASCACK VALLEY MEDICAL CENTER,250 OLD HOOK ROAD, ,WESTWOOD,"WESTWOOD, NJ  07675",NJ,7675,BERGEN,(201) 383-1035,(201) 383-1098,emily.holliman@hackensackUMCPV.com,1.59348E+12,"PASCACK VALLEY HOSPITAL, LLC","ONE BURTONHILLS BOULEVARD, STE 250",Ms. EMILY HOLLIMAN,"NASHVILLE, TN  37215",Profit - Hospital,,1.58452E+12,128
16,40.81172696,-74.20357403,NJ10708,GENERAL ACUTE CARE HOSPITAL,HACKENSACK UMC MOUNTAINSIDE,10708,HACKENSACK UMC MOUNTAINSIDE,BAY AND HIGHLAND AVE, ,MONTCLAIR,"MONTCLAIR, NJ  07042",NJ,7042,ESSEX,(973) 429-6000,(973) 429-6209,john.fromhold@mountainsidehosp.com,1.5882E+12,"MONTCLAIR HOSPITAL, LLC","ONE BURTON HILLS BOULEVARD, SUITE 250",Mr. JOHN FROMHOLD,"NASHVILLE, TN  37215",Profit - Hospital,,1.58452E+12,357
17,40.88370396,-74.05632303,NJ10204,GENERAL ACUTE CARE HOSPITAL,HACKENSACK UNIVERSITY MEDICAL CENTER,10204,HACKENSACK UNIVERSITY MEDICAL CENTER,30 PROSPECT AVE, ,HACKENSACK,"HACKENSACK, NJ  07601",NJ,7601,BERGEN,(551) 996-2000,(201) 996-3450,ihor.sawczuk@hackensackmeridian.org,1.6041E+12,HMH HOSPITALS CORPORATION,343 THORNALL STREET 8TH FL,Mr. MARK SPARTA,"EDISON, NJ  08837",Non-Profit - Hospital,,1.58452E+12,781
18,40.86175031,-74.81592622,NJ12101,GENERAL ACUTE CARE HOSPITAL,HACKETTSTOWN MEDICAL CENTER,12101,HACKETTSTOWN MEDICAL CENTER,651 WILLOW GROVE ST, ,HACKETTSTOWN,"HACKETTSTOWN, NJ  07840",NJ,7840,WARREN,(908) 852-5100,(908) 850-6822,ANNA.PENCE@ATLANTICHEALTH.ORG,1.61447E+12,AHS HOSPITAL CORP.,475 SOUTH STREET,. BOB ADAMS,"MORRISTOWN, NJ  07960",Non-Profit - Hospital,,1.58452E+12,111
19,40.74113826,-74.03397246,NJ10908,GENERAL ACUTE CARE HOSPITAL,CAREPOINT HEALTH-HOBOKEN UNIVERSITY MEDICAL CENTER,10908,CAREPOINT HEALTH-HOBOKEN UNIVERSITY MEDICAL CENTER,308 WILLOW AVE, ,HOBOKEN,"HOBOKEN, NJ  07030",NJ,7030,HUDSON,(201) 418-1000,(201) 418-1011,ann.logan@carepointhealth.org,1.6041E+12,"HUMC OPCO, L.L.C.",308 WILLOW AVENUE,Dr. ANN LOGAN,"HOBOKEN, NJ  07030",Profit - LLC,Ph.D.,1.58452E+12,333
20,40.88288596,-74.01047303,NJ310008,GENERAL ACUTE CARE HOSPITAL,HOLY NAME MEDICAL CENTER,10205,HOLY NAME MEDICAL CENTER,718 TEANECK RD, ,TEANECK,"TEANECK, NJ  07666",NJ,7666,BERGEN,(201) 833-3000,(201) 833-3230,info@holyname.org,1.60142E+12,HOLY NAME MEDICAL CENTER,718 TEANECK ROAD,Mr. MICHAEL MARON,"TEANECK, NJ  07632",NonProfit - Religious Affiliation,Pres & CEO,1.58452E+12,372
21,40.79177598,-74.07315311,NJ10906,GENERAL ACUTE CARE HOSPITAL,HUDSON REGIONAL HOSPITAL,10906,HUDSON REGIONAL HOSPITAL,55 MEADOWLANDS PKWY, ,SECAUCUS,"SECAUCUS, NJ  07094",NJ,7094,HUDSON,(201) 392-3200,(201) 392-3527,mail@meadowlandshospital.org,1.58561E+12,"NJMHMC, LLC",55 MEADOWLANDS PARKWAY,Dr. NIZAR KIFAIEH,"SECAUCUS, NJ  07094",,,1.58452E+12,204
22,40.53143719,-74.86079971,NJ11001,GENERAL ACUTE CARE HOSPITAL,HUNTERDON MEDICAL CENTER,11001,HUNTERDON MEDICAL CENTER,2100 WESCOTT DRIVE, ,FLEMINGTON,"FLEMINGTON, NJ  08822",NJ,8822,HUNTERDON,(908) 788-6100,(908) 788-6111,wise.robert@hunterdonhealthcare.org,1.59883E+12,HUNTERDON MEDICAL CENTER,2100 WESCOTT DRIVE,Mr. PATRICK GAVIN,"FLEMINGTON, NJ  08822",Non-Profit - Hospital,,1.58452E+12,184
23,39.58779596,-75.18075703,NJ310069,GENERAL ACUTE CARE HOSPITAL,INSPIRA MEDICAL CENTER ELMER,11701,INSPIRA MEDICAL CENTER ELMER,501 WEST FRONT STREET, ,ELMER,"ELMER, NJ  08318",NJ,8318,SALEM,(856) 363-1000,(856) 358-3248,kerslaked@ihn.org,1.60142E+12,"INSPIRA MEDICAL CENTERS, INC",165 BRIDGETON PIKE,Mr. JOHN DI ANGELO,"MULLICA, NJ  08062",Non-Profit - Hospital,,1.58452E+12,96
24,39.44535896,-75.05883203,NJ310032,GENERAL ACUTE CARE HOSPITAL,INSPIRA MEDICAL CENTER VINELAND,10603,INSPIRA MEDICAL CENTERS VINELAND,1505 W SHERMAN AVE, ,VINELAND,"VINELAND, NJ  08360",NJ,8360,CUMBERLAND,(856) 641-8000,(856) 641-7632,diangeloj@ihn.org,1.61205E+12,"INSPIRA MEDICAL CENTERS, INC",165 BRIDGETON PIKE,Mr. JOHN DI ANGELO,"MULLICA, NJ  08062",Non-Profit - Hospital,,1.58452E+12,114
25,40.55674621,-74.35025355,NJ11201,GENERAL ACUTE CARE HOSPITAL,JFK MEDICAL CTR - ANTHONY M. YELENCSICS COMMUNITY,11201,ANTHONY M. YELENCSICS COMMUNITY HOSPITAL,65 JAMES STREET, ,EDISON,"EDISON, NJ  08818",NJ,8818,MIDDLESEX,(732) 321-7000,(732) 549-8532,Amie.Thornton@hackensackmeridian.org,1.5882E+12,"THE COMMUNITY HOSPITAL GROUP, INC JFK MEDICAL CTR",65 JAMES STREET,Ms. AMIE THORNTON,"EDISON, NJ  08820",Non-Profit - Hospital,Acting Admin,1.58452E+12,405
26,40.71613696,-74.05095103,NJ10904,GENERAL ACUTE CARE HOSPITAL,JERSEY CITY MEDICAL CENTER,10904,JERSEY CITY MEDICAL CENTER,355 GRAND STREET, ,JERSEY CITY,"JERSEY CITY, NJ  07302",NJ,7302,HUDSON,(201) 915-2000,(201) 915-2002,joanne.reich@rwjbh.org,1.61447E+12,JERSEY CITY MEDICAL CENTER,355 GRAND STREET,Mr. MICHAEL PRILUTSKY,"JERSEY CITY, NJ  07302",Non-Profit - Hospital,,1.58452E+12,302
27,40.20853507,-74.04070779,NJ11303,GENERAL ACUTE CARE HOSPITAL,JERSEY SHORE UNIVERSITY MEDICAL CENTER,11303,JERSEY SHORE UNIVERSITY MEDICAL CENTER,1945 RTE 33, ,NEPTUNE,"NEPTUNE, NJ  07754",NJ,7754,MONMOUTH,(732) 775-5500,(732) 776-4583,vito.buccellato@hackensackmeridian.org,1.61447E+12,HMH HOSPITALS CORPORATION,343 THORNALL STREET 8TH FL,Dr. KENNETH SABLE,"EDISON, NJ  08837",Non-Profit - Hospital,,1.58452E+12,618
28,39.92806635,-75.01611522,NJ10401,GENERAL ACUTE CARE HOSPITAL,JEFFERSON CHERRY HILL HOSPITAL,10401,JEFFERSON CHERRY HILL HOSPITAL,2201 CHAPEL AVENUE WEST, ,CHERRY HILL,"CHERRY HILL, NJ  08002",NJ,8002,CAMDEN,(856) 488-6802,(856) 566-5277,jw.devine@kennedyhealth.org,1.60937E+12,"KENNEDY UNIVERSITY HOSPITAL, INC. CHERRY HILL DIV",2201 CHAPEL AVENUE WEST,Mr. JOSEPH DEVINE,"CHERRY HILL, NJ  08002",Non-Profit - Hospital,,1.58452E+12,196
29,39.82819056,-75.00850319,NJ10403,GENERAL ACUTE CARE HOSPITAL,JEFFERSON STRATFORD HOSPITAL,10403,JEFFERSON STRATFORD HOSPITAL,18 EAST LAUREL ROAD, ,STRATFORD,"STRATFORD, NJ  08084",NJ,8084,CAMDEN,(856) 346-7802,(856) 346-6005,jw.devine@kennedyhealth.org,1.60937E+12,"KENNEDY UNIVERSITY HOSPITAL, INC.",18 EAST LAUREL ROAD,Mr. JOSEPH DEVINE,"STRATFORD, NJ  08084",Non-Profit - Hospital,,1.58452E+12,181
30,39.73526903,-75.06553673,NJ10802-1,GENERAL ACUTE CARE HOSPITAL,JEFFERSON WASHINGTON TOWNSHIP HOSPITAL,10802,JEFFERSON WASHINGTON TOWNSHIP HOSPITAL,435 HURFFVILLE CROSS KEYS ROAD, , TURNERSVILLE," TURNERSVILLE, NJ  08012",NJ,8012,GLOUCESTER,(856) 582-2500,(856) 582-2552,jw.devine@kennedyhealth.org,1.60937E+12,"KENNEDY UNIVERSITY HOSPITAL, INC. (WASHINGTON TWP",435 HURFVILLE-CROSSKEYS ROAD,Mr. JOSEPH DEVINE,"TURNERSVILLE, NJ  08012",Non-Profit - Hospital,,1.58452E+12,230
31,40.04654396,-74.88084903,NJ310061,GENERAL ACUTE CARE HOSPITAL,VIRTUA WILLINGBORO HOSPITAL,10303,VIRTUA WILLINGBORO HOSPITAL,218A SUNSET ROAD, ,WILLINGBORO,"WILLINGBORO, NJ  08046",NJ,8046,BURLINGTON,(609) 835-2900,(609) 835-3061,,1.60937E+12,"VIRTUA OUR LADY OF LOURDES HOSPITAL, INC",1600 HADDON AVENUE,Mr. MARK NESSEL,"CAMDEN, NJ  ",,,1.58452E+12,169
32,39.59358996,-75.44452403,NJ71702,GENERAL ACUTE CARE HOSPITAL,SALEM MEDICAL CENTER,71702,SALEM MEDICAL CENTER,310 WOODSTOWN ROAD, ,SALEM,"SALEM, NJ  08079",NJ,8079,SALEM,(856) 935-1000,(856) 935-3175,fneedleman@smc.health,1.60937E+12,SALEM COUNTY HOSPITAL CORP.,310 WOODSTOWN ROAD,Dr. TAMMY TORRES,"SALEM, NJ  08079",,,1.58452E+12,126
33,40.07322496,-74.21851703,NJ11502,GENERAL ACUTE CARE HOSPITAL,MONMOUTH MEDICAL CENTER-SOUTHERN CAMPUS,11502,MONMOUTH MEDICAL CENTER-SOUTHERN CAMPUS,600 RIVER AVE, ,LAKEWOOD,"LAKEWOOD, NJ  08701",NJ,8701,OCEAN,(732) 363-1900,(732) 886-4406,maryanne.suttles@rwjbh.org,1.61715E+12,MONMOUTH MEDICAL CENTER,300 SECOND AVENUE,. FRANK VOZOS,"LONG BRANCH, NJ  07740",Non-Profit - Hospital,M.D.,1.58452E+12,241
34,40.78950453,-74.46548902,NJ11403,GENERAL ACUTE CARE HOSPITAL,MORRISTOWN MEDICAL CENTER,11403,MORRISTOWN MEDICAL CENTER,100 MADISON AVE, ,MORRISTOWN,"MORRISTOWN, NJ  07960",NJ,7960,MORRIS,(973) 971-5000,(973) 290-7010,patricia.okeefe@atlantichealth.org,1.5882E+12,AHS HOSPITAL CORP.,475 SOUTH STREET,Dr. PATRICIA O'KEEFE,"MORRISTOWN, NJ  07962",Non-Profit - Hospital,,1.58452E+12,199
35,40.70996128,-74.21285678,NJ10709,GENERAL ACUTE CARE HOSPITAL,NEWARK BETH ISRAEL MEDICAL CENTER,10709,NEWARK BETH ISRAEL MEDICAL CENTER,201 LYONS AVE, ,NEWARK,"NEWARK, NJ  07112",NJ,7112,ESSEX,(973) 926-7850,(973) 705-3477,Pamela.Micchelli@rwjbh.org,1.59348E+12,NEWARK BETH ISRAEL MEDICAL CENTER,201 LYONS AVENUE,"Mr. DARRELL TERRY, SR","NEWARK, NJ  07112",Non-Profit - Hospital,,1.58452E+12,667
36,41.0575623,-74.76832271,NJ11902,GENERAL ACUTE CARE HOSPITAL,NEWTON MEDICAL CENTER,11902,NEWTON MEDICAL CENTER,175 HIGH ST, ,NEWTON,"NEWTON, NJ  07860",NJ,7860,SUSSEX,(973) 579-8300,          ,joseph.DiPaolo@altantichealth.org,1.60142E+12,AHS HOSPITAL CORP,475 SOUTH STREET,Mr. JOSEPH DI PAOLO,"MORRISTOWN, NJ  07962",Non-Profit - Hospital,,1.58452E+12,148
37,40.07732762,-74.13139461,NJ310052,GENERAL ACUTE CARE HOSPITAL,OCEAN MEDICAL CENTER,11505,OCEAN MEDICAL CENTER,425 JACK MARTIN BLVD, ,BRICK,"BRICK, NJ  08724",NJ,8724,OCEAN,(732) 840-2200,(732) 840-3284,jason.kreitner@hackensackmeridian.org,1.60937E+12,HMH HOSPITALS CORPORATION,343 THORNALL STREET 8TH FL,. JASON KREITNER,"EDISON, NJ  08837",Non-Profit - Hospital,,1.58452E+12,317
38,39.92789096,-75.09504003,NJ10404,GENERAL ACUTE CARE HOSPITAL,VIRTUA OUR LADY OF LOURDES HOSPITAL,10404,VIRTUA OUR LADY OF LOURDES HOSPITAL,1600 HADDON AVENUE, ,CAMDEN,"CAMDEN, NJ  08103",NJ,8103,CAMDEN,(856) 580-6330,(856) 635-2400,mnessel@virtua.org,1.59883E+12,"VIRTUA OUR LADY OF LOURDES HOSPITAL, INC",1600 HADDON AVENUE,Mr. MARK NESSEL,"CAMDEN, NJ  ",,,1.58452E+12,340
39,40.71234796,-74.35396303,NJ12005,GENERAL ACUTE CARE HOSPITAL,OVERLOOK MEDICAL CENTER,12005,OVERLOOK MEDICAL CENTER,99 BEAUVOIR AVENUE, ,SUMMIT,"SUMMIT, NJ  07902",NJ,7902,UNION,(908) 522-2000,(908) 273-5134,anna.pence@atlantichealth.org,1.5882E+12,AHS HOSPITAL CORP.,475 SOUTH STREET,Mr. ALAN LIEBER,"MORRISTOWN, NJ  07962",Non-Profit - Hospital,CEO & COO,1.58452E+12,504
40,40.7937799,-73.99644701,NJ10905,GENERAL ACUTE CARE HOSPITAL,PALISADES MEDICAL CENTER,10905,PALISADES MEDICAL CENTER,7600 RIVER RD, ,NORTH BERGEN,"NORTH BERGEN, NJ  07047",NJ,7047,HUDSON,(201) 854-5000,(201) 854-5036,anthony.passannante@hackensackmeridian.org,1.59883E+12,HMH HOSPITALS CORPORATION,343 THORNALL STREET 8TH FL,Ms. PATRICIA CARROLL,"EDISON, NJ  08837",Non-Profit - Hospital,Exec Dir,1.58452E+12,206
41,40.38303548,-74.32318877,NJ11206,GENERAL ACUTE CARE HOSPITAL,RARITAN BAY MEDICAL CENTER-OLD BRIDGE DIVISION,11206,RARITAN BAY MEDICAL CENTER-OLD BRIDGE DIVISION,ONE HOSPITAL PLAZA, ,OLD BRIDGE,"OLD BRIDGE, NJ  08857",NJ,8857,MIDDLESEX,(732) 442-3700,(732) 324-5330,lkoller@rbmc.org,1.60142E+12,HMH HOSPITALS CORPORATION,343 THORNALL STREET 8TH FL,Mr. THOMAS SHANAHAN,"EDISON, NJ  08837",Non-Profit - Hospital,,1.58452E+12,113
42,40.51917396,-74.28092403,NJ310039,GENERAL ACUTE CARE HOSPITAL,RARITAN BAY MEDICAL CENTER PERTH AMBOY DIVISION,11203,RARITAN BAY MEDICAL CENTER PERTH AMBOY DIVISION,530 NEW BRUNSWICK AVE, ,PERTH AMBOY,"PERTH AMBOY, NJ  08861",NJ,8861,MIDDLESEX,(732) 442-3700,(732) 324-5330,lkoller@rbmc.org,1.60142E+12,HMH HOSPITALS CORPORATION,343 THORNALL STREET 8TH FL,Mr. THOMAS SHANAHAN,"EDISON, NJ  08837",Non-Profit - Hospital,,1.58452E+12,355
43,40.35384118,-74.06345444,NJ11305,GENERAL ACUTE CARE HOSPITAL,RIVERVIEW MEDICAL CENTER,11305,RIVERVIEW MEDICAL CENTER,ONE RIVERVIEW PLAZA, ,RED BANK,"RED BANK, NJ  07701",NJ,7701,MONMOUTH,(732) 741-2700,(732) 224-8408,sheila.hintze@hackensackmeridian.org,1.60937E+12,HMH HOSPITALS CORPORATION,343 THORNALL STREET 8TH FL,Ms. KELLI O'BRIEN,"EDISON, NJ  08837",Non-Profit - Hospital,,1.58452E+12,148
44,40.49570029,-74.44997408,NJ11202,GENERAL ACUTE CARE HOSPITAL,ROBERT WOOD JOHNSON UNIVERSITY HOSPITAL,11202,ROBERT WOOD JOHNSON UNIVERSITY HOSPITAL,ONE ROBERT WOOD JOHNSON PLACE, ,NEW BRUNSWICK,"NEW BRUNSWICK, NJ  08901",NJ,8901,MIDDLESEX,(732) 937-8525,(732) 253-3464,Maureen.Bueno@rwjbh.org,1.61715E+12,"ROBERT WOOD JOHNSON UNIVERSITY HOSPITAL, INC.",ONE ROBERT WOOD JOHNSON PLACE,Mr. JOHN GANTNER,"NEW BRUNSWICK, NJ  08901",Non-Profit - Hospital,,1.58452E+12,517
45,40.56782659,-74.59505337,NJ11802,GENERAL ACUTE CARE HOSPITAL,ROBERT WOOD JOHNSON UNIVERSITY HOSPITAL SOMERSET,11802,ROBERT WOOD JOHNSON UNIVERSITY HOSPITAL SOMERSET,110 REHILL AVE, ,SOMERVILLE,"SOMERVILLE, NJ  08876",NJ,8876,SOMERSET,(908) 685-2200,(908) 685-2898,rwjuhsadmin@rwjbh.org,1.60937E+12,"ROBERT WOOD JOHNSON UNIVERSITY HOSPITAL, INC.",ONE ROBERT WOOD JOHNSON PLACE,Mr. ANTHONY CAVA,"NEW BRUNSWICK, NJ  08901",Non-Profit - Hospital,,1.58452E+12,341
46,40.21633384,-74.67201578,NJ310110,GENERAL ACUTE CARE HOSPITAL,ROBERT WOOD JOHNSON UNIVERSITY HOSPITAL HAMILTON,11101,ROBERT WOOD JOHNSON UNIVERSITY HOSPITAL - HAMILTON,ONE HAMILTON HEALTH PLACE, ,HAMILTON,"HAMILTON, NJ  08690",NJ,8690,MERCER,(609) 586-7900,(609) 890-7638,janice.stout@rwjubh.org,1.59088E+12,ROBERT WOOD JOHNSON UNIVERSITY HOSPITAL - HAMILTON,ONE HAMILTON HEALTH PLACE,Mr. RICHARD FREEMAN,"HAMILTON, NJ  08690",Non-Profit - Hospital,,1.58452E+12,248
47,40.61313596,-74.29127203,NJ310024,GENERAL ACUTE CARE HOSPITAL,ROBERT WOOD JOHNSON UNIVERSITY HOSPITAL AT RAHWAY,12006,ROBERT WOOD JOHNSON UNIVERSITY HOSPITAL AT RAHWAY,865 STONE ST, ,RAHWAY,"RAHWAY, NJ  07065",NJ,7065,UNION,(732) 381-4200,(732) 499-6337,DEBORAH.GANDY@RWJBH.ORG,1.5882E+12,ROBERT WOOD JOHNSON UNIVERSITY HOSPITAL AT RAHWAY,865 STONE STREET,Mr. KIRK TICE,"RAHWAY, NJ  07065",Non-Profit - Hospital,Pres. & CEO,1.58452E+12,251
48,40.76354765,-74.30481638,NJ10710,GENERAL ACUTE CARE HOSPITAL,SAINT BARNABAS MEDICAL CENTER,10710,SAINT BARNABAS MEDICAL CENTER,94 OLD SHORT HILLS ROAD, ,LIVINGSTON,"LIVINGSTON, NJ  07039",NJ,7039,ESSEX,(973) 322-5000,(973) 322-5007,sean.cox@rwjbh.org,1.60669E+12,SAINT BARNABAS MEDICAL CENTER,94 OLD SHORT HILLS ROAD,Mr. STEPHEN ZIENIEWICZ,"LIVINGSTON, NJ  07039",Non-Profit - Hospital,,1.58452E+12,603
49,40.89499028,-74.46532161,NJ11406-O1,GENERAL ACUTE CARE HOSPITAL,SAINT CLARE'S HOSPITAL/ DENVILLE CAMPUS,11406,SAINT CLARE'S HOSPITAL/ DENVILLE CAMPUS,25 POCONO ROAD, ,DENVILLE,"DENVILLE, NJ  07834",NJ,7834,MORRIS,(973) 983-5569,(973) 983-5565,BrianFinestien@primehealthcare.com,1.60937E+12,PRIME HEALTHCARE SERVICES-SAINT CLARE'S LLC,25 POCONO ROAD,Mr.. BRIAN FINESTEIN,"DENVILLE, NJ  07834",Profit - Hospital,,1.58452E+12,314
50,40.88518096,-74.57640703,NJ11402,GENERAL ACUTE CARE HOSPITAL,SAINT CLARE'S HOSPITAL,11402,SAINT CLARE'S HOSPITAL,400 WEST BLACKWELL STREET, ,DOVER,"DOVER, NJ  07801",NJ,7801,MORRIS,(973) 989-3424,(973) 989-3095,brianfinestein@primehealthcare.com,1.60937E+12,PRIME HEALTHCARE SERVICES-SAINT CLARE'S LLC,25 POCONO ROAD,". ALMA RATCLIFFE, MD","DENVILLE, NJ  07834",Profit - Hospital,,1.58452E+12,85
51,40.74310998,-74.17432409,NJ10713,GENERAL ACUTE CARE HOSPITAL,SAINT MICHAEL'S MEDICAL CENTER,10713,SAINT MICHAEL'S MEDICAL CENTER,111 CENTRAL AVENUE, ,NEWARK,"NEWARK, NJ  07102",NJ,7102,ESSEX,(973) 877-5350,(973) 877-5593,RIANNACCONE@PRIMEHEALTHCARE.COM,1.59088E+12,"PRIME HEALTHCARE SERVICES-ST. MICHAEL'S, LLC",111 CENTRAL AVENUE,Mr. ROBERT IANNACCONE,"NEWARK, NJ  07102",Profit - Hospital,,1.58452E+12,358
52,40.5012952,-74.45956064,NJ11205,GENERAL ACUTE CARE HOSPITAL,SAINT PETER'S UNIVERSITY HOSPITAL,11205,SAINT PETER'S UNIVERSITY HOSPITAL,254 EASTON AVE, ,NEW BRUNSWICK,"NEW BRUNSWICK, NJ  08901",NJ,8901,MIDDLESEX,(732) 745-8600,(732) 745-7938,LHirsch@saintpeteruh.com,1.58561E+12,SAINT PETER'S UNIVERSITY HOSPITAL,254 EASTON AVENUE,Mr. LESLIE HIRSCH,"NEW BRUNSWICK, NJ  08901",Non-Profit - Religious Affiliation,,1.58452E+12,478
53,39.31473996,-74.59361203,NJ310047,GENERAL ACUTE CARE HOSPITAL,SHORE MEDICAL CENTER,10103,SHORE MEDICAL CENTER,100 MEDICAL CENTER WAY, ,SOMERS POINT,"SOMERS POINT, NJ  08244",NJ,8244,ATLANTIC,(609) 653-3500,(609) 653-3510,RROBERTSON@SHOREMEDICALCENTER.ORG,1.61205E+12,SHORE MEDICAL CENTER,100 MEDICAL CENTER WAY,Mr. RON JOHNSON,"SOMERS POINT, NJ  08244",Non-Profit - Hospital,,1.58452E+12,203
54,39.72106628,-74.2846611,NJ11504,GENERAL ACUTE CARE HOSPITAL,SOUTHERN OCEAN MEDICAL CENTER,11504,SOUTHERN OCEAN MEDICAL CENTER,1140 RT 72 W, ,MANAHAWKIN,"MANAHAWKIN, NJ  08050",NJ,8050,OCEAN,(609) 597-6011,(609) 978-8920,regina.foley@hackensackmeridian.org,1.60669E+12,HMH HOSPITALS CORPORATION,343 THORNALL STREET 8TH FL,Ms. MICHELE MORRISON,"EDISON, NJ  08837",Non-Profit - Hospital,,1.58452E+12,156
55,40.70204496,-75.17845703,NJ12102,GENERAL ACUTE CARE HOSPITAL,ST LUKE'S WARREN HOSPITAL,12102,ST LUKE'S WARREN HOSPITAL,185 ROSEBERRY ST, ,PHILLIPSBURG,"PHILLIPSBURG, NJ  08865",NJ,8865,WARREN,(908) 847-6700,(908) 847-4546,SCOTT.WOLFE@SLUHN.org,1.6041E+12,ST LUKE'S WARREN HOSPITAL,185 ROSEBERRY STREET,Mr. SCOTT WOLFE,"PHILLIPSBURG, NJ  08865",Non-Profit - Hospital,,1.58452E+12,198
56,40.21640796,-74.74132003,NJ11105,GENERAL ACUTE CARE HOSPITAL,ST FRANCIS MEDICAL CENTER,11105,ST FRANCIS MEDICAL CENTER,601 HAMILTON AVE, ,TRENTON,"TRENTON, NJ  08629",NJ,8629,MERCER,(609) 599-5000,(609) 695-2744,JROMANO@STFRANCISMEDICAL.ORG,1.60937E+12,ST. FRANCIS MEDICAL CENTER,601 HAMILTON AVENUE,Mr. DANIEL MOEN,"TRENTON, NJ  08629",Non-Profit - Hospital,,1.58452E+12,238
57,40.90259796,-74.16559503,NJ11605,GENERAL ACUTE CARE HOSPITAL,ST JOSEPH'S UNIVERSITY MEDICAL CENTER,11605,ST JOSEPH'S UNIVERSITY MEDICAL CENTER,703 MAIN ST, ,PATERSON,"PATERSON, NJ  07503",NJ,7503,PASSAIC,(973) 754-2010,(973) 754-2009,slavink@sjhmc.org,1.61205E+12,ST. JOSEPH'S UNIVERSITY MEDICAL CENTER,703 MAIN STREET,Mr. KEVIN SLAVIN,"PATERSON, NJ  07503",Non-Profit - Religious Affiliation,,1.58452E+12,651
58,40.94689029,-74.20313353,NJ11603-1,GENERAL ACUTE CARE HOSPITAL,ST JOSEPH'S WAYNE MEDICAL CENTER,11603,ST JOSEPH'S WAYNE MEDICAL CENTER,224 HAMBURG TURNPIKE, ,WAYNE,"WAYNE, NJ  07470",NJ,7470,PASSAIC,(973) 942-6900,(973) 389-4044,mcdonalb@sjhmc.org,1.6041E+12,ST. JOSEPH'S UNIVERSITY MEDICAL CENTER,703 MAIN STREET,Mr. KEVIN SLAVIN,"PATERSON, NJ  07503",Non-Profit - Religious Affiliation,,1.58452E+12,229
59,40.85917196,-74.13778103,NJ11606,GENERAL ACUTE CARE HOSPITAL,ST MARY'S GENERAL HOSPITAL,11606,ST MARY'S GENERAL HOSPITAL,350 BOULEVARD, ,PASSAIC,"PASSAIC, NJ  07055",NJ,7055,PASSAIC,(973) 365-4300,(973) 471-5531,econdit@primehealthcare.com,1.61205E+12,"PRIME HEALTHCARE SERVICES-ST. MARY'S PASSAIC, LLC",350 BOULEVARD,Mr. EDWARD CONDIT,"PASSAIC, NJ  07055",Profit - Hospital,,1.58452E+12,269
60,40.65896196,-74.21488903,NJ310027,GENERAL ACUTE CARE HOSPITAL,TRINITAS REGIONAL MEDICAL CENTER,12007,TRINITAS REGIONAL MEDICAL CENTER,225 WILLIAMSON STREET, ,ELIZABETH,"ELIZABETH, NJ  07207",NJ,7207,UNION,(908) 994-5000,(908) 994-5756,ghoran@trinitas.org,1.59883E+12,TRINITAS REGIONAL MEDICAL CENTER,225 WILLIAMSON STREET,Mr. GARY HORAN,"ELIZABETH, NJ  07207",Non-Profit - Hospital,Pres. & CEO,1.58452E+12,417
61,40.74064726,-74.19087351,NJ10702,GENERAL ACUTE CARE HOSPITAL,UNIVERSITY HOSPITAL,10702,UNIVERSITY HOSPITAL,150 BERGEN ST, ,NEWARK,"NEWARK, NJ  07101",NJ,7101,ESSEX,(973) 972-5658,(973) 972-6943,kastanjn@uhnj.org,1.58561E+12,UNIVERSITY HOSPITAL,"150 BERGEN STREET, D346",Mr. JOHN KASTANIS,"NEWARK, NJ  07103",Non-Profit - LLC,,1.58452E+12,519
62,40.33982113,-74.62426991,NJ11103,GENERAL ACUTE CARE HOSPITAL,PENN MEDICINE PRINCETON MEDICAL CENTER,11103,PENN MEDICINE PRINCETON MEDICAL CENTER,ONE-FIVE PLAINSBORO ROAD, ,PLAINSBORO,"PLAINSBORO, NJ  08536",NJ,8536,MIDDLESEX,(609) 853-6500,(609) 853-7101,PHCS-regulatory@princetonhcs.org,1.59883E+12,"PRINCETON HEALTHCARE SYSTEM, A NJ NONPROFIT CORP",1 PLAINSBORO ROAD,Mr. BARRY RABNER,"PLAINSBORO, NJ  08536",Non-Profit - Hospital,Pres. & CEO,1.58452E+12,408
63,40.98399152,-74.10057671,NJ10211,GENERAL ACUTE CARE HOSPITAL,VALLEY HOSPITAL,10211,THE VALLEY HOSPITAL,223 N VAN DIEN AVENUE, ,RIDGEWOOD,"RIDGEWOOD, NJ  07450",NJ,7450,BERGEN,(201) 447-8000,(201) 291-6194,jlorino@valleyhealth.com,1.6041E+12,THE VALLEY HEALTH SYSTEM,223 NORTH VAN DIEN AVENUE,Ms. AUDREY MEYERS,"RIDGEWOOD, NJ  07450",Non-Profit - Hospital,Pres. & CEO,1.58452E+12,446
64,39.98598696,-74.79524403,NJ10301,GENERAL ACUTE CARE HOSPITAL,VIRTUA MEMORIAL HOSPITAL OF BURLINGTON COUNTY,10301,VIRTUA MEMORIAL HOSPITAL OF BURLINGTON COUNTY,175 MADISON AVE, ,MOUNT HOLLY,"MOUNT HOLLY, NJ  08060",NJ,8060,BURLINGTON,(609) 267-0700,(609) 914-6201,JKIRBY2@VIRTUA.ORG,1.60669E+12,"VIRTUA-MEMORIAL HOSPITAL OF BURLINGTON CO., INC",175 MADISON AVENUE,Mr. JOHN KIRBY,"MOUNT HOLLY, NJ  08060",Non-Profit - Hospital,,1.58452E+12,383
65,39.88150706,-74.91851369,NJ10302,GENERAL ACUTE CARE HOSPITAL,VIRTUA WEST JERSEY HOSPITAL MARLTON,10302,VIRTUA - WEST JERSEY HOSPITAL MARLTON,90 BRICK ROAD, ,MARLTON,"MARLTON, NJ  08053",NJ,8053,BURLINGTON,(856) 355-6200,(856) 355-6201,mzuino@virtua.org,1.5882E+12,VIRTUA WEST JERSEY HEALTH SYSTEM,303 LIPPINCOTT DRIVE,Mr. DENNIS PULLEN,"MARLTON, NJ  08053",Non-Profit - Hospital,,1.58452E+12,198
66,39.35900062,-74.43428573,NJ10102,GENERAL ACUTE CARE HOSPITAL,ATLANTICARE REGIONAL MEDICAL CENTER - CITY CAMPUS,10102,ATLANTICARE REGIONAL MEDICAL CENTER - CITY CAMPUS,1925 PACIFIC AVENUE, ,ATLANTIC CITY,"ATLANTIC CITY, NJ  08401",NJ,8401,ATLANTIC,(609) 441-8020,(609) 441-2108,james.kilmer@atlanticare.org,1.60937E+12,"ATLANTICARE REGIONAL HEALTH SERVICES, INC.",1925 PACIFIC AVENUE,Ms. MARGARET BELFIELD,"ATLANTIC CITY, NJ  08401",Non-Profit - Hospital,C.O.O.,1.58452E+12,244
67,40.2385835,-74.31081231,NJ11302,GENERAL ACUTE CARE HOSPITAL,CENTRASTATE MEDICAL CENTER,11302,CENTRASTATE MEDICAL CENTER,901 WEST MAIN STREET, ,FREEHOLD,"FREEHOLD, NJ  07728",NJ,7728,MONMOUTH,(732) 431-2000,(732) 462-5129,tscott@centrastate.com,1.61447E+12,"CENTRASTATE MEDICAL CENTER, INC",901 WEST MAIN STREET,Mr. JOHN GRIBBIN,"FREEHOLD, NJ  07728",Non-Profit - Hospital,,1.58452E+12,284
68,40.29561563,-73.98520803,NJ11304,GENERAL ACUTE CARE HOSPITAL,MONMOUTH MEDICAL CENTER,11304,MONMOUTH MEDICAL CENTER,300 SECOND AVENUE, ,LONG BRANCH,"LONG BRANCH, NJ  07740",NJ,7740,MONMOUTH,(732) 222-5200,(732) 923-7511,kirsten.windos@rwjbh.org,1.59088E+12,MONMOUTH MEDICAL CENTER,300 SECOND AVENUE,Mr. ERIC CARNEY,"LONG BRANCH, NJ  07740",Non-Profit - Hospital,,1.58452E+12,514
69,39.84258766,-74.92677422,NJ310022,GENERAL ACUTE CARE HOSPITAL,VIRTUA WEST JERSEY HOSPITALS VOORHEES,10405,VIRTUA - WEST JERSEY HOSPITAL VOORHEES,100 BOWMAN DRIVE,,VOORHEES,"VOORHEES, NJ  08043",NJ,8043,CAMDEN,(856) 247-3000,(856) 247-3219,rmiller@virtua.org,1.5882E+12,VIRTUA WEST JERSEY HEALTH SYSTEM,303 LIPPINCOTT DRIVE,Mr. DENNIS PULLEN,"MARLTON, NJ  08053",Non-Profit - Hospital,,1.58452E+12,402
70,39.716184,-75.152114,NJ10803,GENERAL ACUTE CARE HOSPITAL,INSPIRA MEDICAL CENTER MULLICA HILL,10803,INSPIRA MEDICAL CENTER MULLICA HILL,700 MULLICA HILL ROAD,,MULLICA HILL,"MULLICA HILL, NJ  08062",NJ,8062,GLOUCESTER,(856) 111-1111,,WOLANP@IHN.ORG,1.60669E+12,"INSPIRA MEDICAL CENTERS, INC",165 BRIDGETON PIKE,Mr. JOHN DI ANGELO,"MULLICA, NJ  08062",Non-Profit - Hospital,,1.58452E+12,190
71,40.752511,-74.236031,VA1,,VA NEW JERSEY HEALTH CARE SYSTEM (EAST ORANGE),,VA NEW JERSEY HEALTH CARE SYSTEM (EAST ORANGE),385 TREMONT AVENUE,,EAST ORANGE,,NJ,7018,ESSEX,(973) 676-1000,,,,,,,,,,,218